{"cameraMode":{"drawMode":0,"name":"Shaded","section":"Shading Mode"},"sceneLighting":false,"audioPlay":false,"sceneViewState":{"m_AlwaysRefresh":false,"showFog":true,"showSkybox":false,"showFlares":true,"showImageEffects":true,"showParticleSystems":true,"showVisualEffectGraphs":true,"m_FxEnabled":true},"in2DMode":false,"pivot":{"x":-0.013538360595703125,"y":0.22971655428409577,"z":-0.00992584228515625},"rotation":{"x":0.29894760251045229,"y":-0.15483075380325318,"z":0.04922318086028099,"w":0.9403406977653503},"size":0.44565191864967348,"orthographic":false}