{"cameraMode":{"drawMode":0,"name":"Shaded","section":"Shading Mode"},"sceneLighting":false,"audioPlay":false,"sceneViewState":{"m_AlwaysRefresh":false,"showFog":true,"showSkybox":false,"showFlares":true,"showImageEffects":true,"showParticleSystems":true,"showVisualEffectGraphs":true,"m_FxEnabled":true},"in2DMode":false,"pivot":{"x":-0.008908122777938843,"y":0.24137446284294129,"z":0.0016251802444458008},"rotation":{"x":-0.202891543507576,"y":0.002054126001894474,"z":-0.0004231778148096055,"w":-0.9792028069496155},"size":0.49798980355262759,"orthographic":false}